date,Flow_Upstream,Flow_Downstream
2015-01-01,1870.0,7880.0
2015-01-02,1680.0,7340.0
2015-01-03,1530.0,6850.0
2015-01-04,1420.0,6480.0
2015-01-05,1330.0,6210.0
2015-01-06,1270.0,5940.0
2015-01-07,1220.0,5690.0
2015-01-08,1180.0,5490.0
2015-01-09,1150.0,5300.0
2015-01-10,1130.0,5130.0
2015-01-11,1110.0,4970.0
2015-01-12,1080.0,4800.0
2015-01-13,1060.0,4630.0
2015-01-14,1040.0,4490.0
2015-01-15,1010.0,4360.0
2015-01-16,991.0,4240.0
2015-01-17,975.0,4140.0
2015-01-18,962.0,4040.0
2015-01-19,995.0,3980.0
2015-01-20,1140.0,3930.0
2015-01-21,1460.0,3910.0
2015-01-22,1480.0,4430.0
2015-01-23,1370.0,4960.0
2015-01-24,1240.0,4860.0
2015-01-25,1120.0,4620.0
2015-01-26,1010.0,4360.0
2015-01-27,918.0,4130.0
2015-01-28,849.0,3970.0
2015-01-29,795.0,3810.0
2015-01-30,754.0,3680.0
2015-01-31,714.0,3560.0
2015-02-01,679.0,3440.0
2015-02-02,647.0,3320.0
2015-02-03,619.0,3210.0
2015-02-04,588.0,3120.0
2015-02-05,562.0,3030.0
2015-02-06,536.0,2940.0
2015-02-07,512.0,2860.0
2015-02-08,489.0,2790.0
2015-02-09,470.0,2710.0
2015-02-10,452.0,2630.0
2015-02-11,434.0,2570.0
2015-02-12,418.0,2500.0
2015-02-13,404.0,2420.0
2015-02-14,391.0,2360.0
2015-02-15,379.0,2280.0
2015-02-16,368.0,2230.0
2015-02-17,357.0,2180.0
2015-02-18,348.0,2130.0
2015-02-19,337.0,2090.0
2015-02-20,329.0,2050.0
2015-02-21,321.0,2010.0
2015-02-22,313.0,1960.0
2015-02-23,305.0,1940.0
2015-02-24,298.0,1900.0
2015-02-25,292.0,1870.0
2015-02-26,286.0,1840.0
2015-02-27,280.0,1820.0
2015-02-28,275.0,1790.0
2015-03-01,269.0,1760.0
2015-03-02,265.0,1740.0
2015-03-03,260.0,1720.0
2015-03-04,256.0,1710.0
2015-03-05,251.0,1690.0
2015-03-06,247.0,1660.0
2015-03-07,242.0,1640.0
2015-03-08,238.0,1610.0
2015-03-09,235.0,1590.0
2015-03-10,231.0,1570.0
2015-03-11,228.0,1550.0
2015-03-12,225.0,1530.0
2015-03-13,221.0,1510.0
2015-03-14,219.0,1500.0
2015-03-15,216.0,1480.0
2015-03-16,213.0,1460.0
2015-03-17,210.0,1450.0
2015-03-18,208.0,1440.0
2015-03-19,205.0,1420.0
2015-03-20,203.0,1410.0
2015-03-21,201.0,1400.0
2015-03-22,199.0,1390.0
2015-03-23,197.0,1380.0
2015-03-24,196.0,1370.0
2015-03-25,194.0,1360.0
2015-03-26,192.0,1350.0
2015-03-27,191.0,1340.0
2015-03-28,190.0,1340.0
2015-03-29,189.0,1330.0
2015-03-30,189.0,1320.0
2015-03-31,188.0,1320.0
2015-04-01,188.0,1320.0
2015-04-02,186.0,1320.0
2015-04-03,187.0,1330.0
2015-04-04,190.0,1340.0
2015-04-05,195.0,1370.0
2015-04-06,207.0,1400.0
2015-04-07,225.0,1440.0
2015-04-08,248.0,1490.0
2015-04-09,279.0,1600.0
2015-04-10,320.0,1790.0
2015-04-11,383.0,2140.0
2015-04-12,498.0,2590.0
2015-04-13,721.0,3350.0
2015-04-14,1250.0,6290.0
2015-04-15,2500.0,14300.0
2015-04-16,6190.0,24900.0
2015-04-17,12600.0,33500.0
2015-04-18,16200.0,44400.0
2015-04-19,20600.0,52800.0
2015-04-20,18600.0,53100.0
2015-04-21,16400.0,51100.0
2015-04-22,18300.0,55200.0
2015-04-23,19700.0,62700.0
2015-04-24,20400.0,66700.0
2015-04-25,16200.0,63000.0
2015-04-26,12600.0,54400.0
2015-04-27,11600.0,50100.0
2015-04-28,12200.0,50200.0
2015-04-29,13100.0,50400.0
2015-04-30,13200.0,50000.0
2015-05-01,11900.0,47000.0
2015-05-02,10700.0,43100.0
2015-05-03,10000.0,40000.0
2015-05-04,9160.0,37100.0
2015-05-05,8920.0,34100.0
2015-05-06,8000.0,32100.0
2015-05-07,6280.0,28100.0
2015-05-08,4950.0,23700.0
2015-05-09,3940.0,20100.0
2015-05-10,3480.0,17700.0
2015-05-11,4480.0,16900.0
2015-05-12,5280.0,17800.0
2015-05-13,7880.0,20800.0
2015-05-14,7690.0,25800.0
2015-05-15,5500.0,22800.0
2015-05-16,3850.0,18100.0
2015-05-17,2940.0,14800.0
2015-05-18,2410.0,12800.0
2015-05-19,2100.0,11600.0
2015-05-20,2130.0,10800.0
2015-05-21,2090.0,10400.0
2015-05-22,1870.0,10000.0
2015-05-23,1580.0,9440.0
2015-05-24,1360.0,8720.0
2015-05-25,1180.0,8080.0
2015-05-26,1150.0,7550.0
2015-05-27,2290.0,7610.0
2015-05-28,2930.0,9800.0
2015-05-29,2990.0,11800.0
2015-05-30,2610.0,11500.0
2015-05-31,2810.0,10200.0
2015-06-01,3750.0,9750.0
2015-06-02,2900.0,10300.0
2015-06-03,2530.0,9520.0
2015-06-04,2320.0,9060.0
2015-06-05,1870.0,8560.0
2015-06-06,1650.0,7790.0
2015-06-07,1570.0,7280.0
2015-06-08,1300.0,6890.0
2015-06-09,3320.0,7090.0
2015-06-10,7140.0,10500.0
2015-06-11,10600.0,19000.0
2015-06-12,9490.0,24100.0
2015-06-13,6360.0,21000.0
2015-06-14,4340.0,16100.0
2015-06-15,3020.0,12700.0
2015-06-16,2190.0,10600.0
2015-06-17,2010.0,9750.0
2015-06-18,2040.0,9220.0
2015-06-19,2300.0,9150.0
2015-06-20,2960.0,9320.0
2015-06-21,2270.0,9570.0
2015-06-22,1720.0,8480.0
2015-06-23,1410.0,7550.0
2015-06-24,1260.0,7030.0
2015-06-25,1230.0,6440.0
2015-06-26,1000.0,5900.0
2015-06-27,793.0,5360.0
2015-06-28,664.0,4780.0
2015-06-29,667.0,4750.0
2015-06-30,841.0,4840.0
2015-07-01,837.0,4910.0
2015-07-02,1820.0,5650.0
2015-07-03,2470.0,6710.0
2015-07-04,1790.0,7770.0
2015-07-05,1210.0,6630.0
2015-07-06,873.0,5540.0
2015-07-07,688.0,4690.0
2015-07-08,708.0,4170.0
2015-07-09,1000.0,4030.0
2015-07-10,827.0,4070.0
2015-07-11,638.0,3950.0
2015-07-12,547.0,3450.0
2015-07-13,566.0,3020.0
2015-07-14,529.0,2740.0
2015-07-15,463.0,2690.0
2015-07-16,496.0,3090.0
2015-07-17,525.0,3730.0
2015-07-18,423.0,3600.0
2015-07-19,471.0,3490.0
2015-07-20,1150.0,4660.0
2015-07-21,3720.0,7320.0
2015-07-22,3850.0,17400.0
2015-07-23,3370.0,23400.0
2015-07-24,2200.0,18000.0
2015-07-25,2140.0,13700.0
2015-07-26,2190.0,11300.0
2015-07-27,1710.0,11500.0
2015-07-28,1880.0,13600.0
2015-07-29,2820.0,13300.0
2015-07-30,2310.0,11700.0
2015-07-31,2160.0,11000.0
2015-08-01,2180.0,10300.0
2015-08-02,1970.0,9720.0
2015-08-03,2100.0,8730.0
2015-08-04,1640.0,9180.0
2015-08-05,1520.0,8960.0
2015-08-06,1580.0,7950.0
2015-08-07,1560.0,7420.0
2015-08-08,1310.0,7040.0
2015-08-09,1080.0,6850.0
2015-08-10,932.0,6390.0
2015-08-11,851.0,5880.0
2015-08-12,1010.0,5670.0
2015-08-13,1250.0,5810.0
2015-08-14,1070.0,6140.0
2015-08-15,864.0,5780.0
2015-08-16,720.0,5170.0
2015-08-17,614.0,4610.0
2015-08-18,549.0,4160.0
2015-08-19,572.0,3850.0
2015-08-20,498.0,3660.0
2015-08-21,484.0,3400.0
2015-08-22,470.0,3450.0
2015-08-23,437.0,3480.0
2015-08-24,401.0,3240.0
2015-08-25,369.0,3020.0
2015-08-26,390.0,3970.0
2015-08-27,654.0,6830.0
2015-08-28,652.0,6940.0
2015-08-29,579.0,6120.0
2015-08-30,466.0,5470.0
2015-08-31,390.0,4940.0
2015-09-01,334.0,4430.0
2015-09-02,289.0,4020.0
2015-09-03,253.0,3730.0
2015-09-04,225.0,3380.0
2015-09-05,204.0,3060.0
2015-09-06,179.0,2820.0
2015-09-07,164.0,2660.0
2015-09-08,159.0,2600.0
2015-09-09,163.0,2770.0
2015-09-10,172.0,3010.0
2015-09-11,181.0,2990.0
2015-09-12,198.0,2730.0
2015-09-13,186.0,2480.0
2015-09-14,230.0,2540.0
2015-09-15,480.0,2630.0
2015-09-16,772.0,2980.0
2015-09-17,659.0,3240.0
2015-09-18,499.0,3210.0
2015-09-19,391.0,2870.0
2015-09-20,322.0,2580.0
2015-09-21,279.0,2360.0
2015-09-22,250.0,2220.0
2015-09-23,228.0,2100.0
2015-09-24,206.0,1990.0
2015-09-25,185.0,1890.0
2015-09-26,167.0,1780.0
2015-09-27,154.0,1680.0
2015-09-28,143.0,1630.0
2015-09-29,137.0,1590.0
2015-09-30,236.0,1930.0
2015-10-01,2730.0,4170.0
2015-10-02,4000.0,6570.0
2015-10-03,2760.0,8690.0
2015-10-04,1800.0,7210.0
2015-10-05,1290.0,5880.0
2015-10-06,989.0,4800.0
2015-10-07,795.0,4030.0
2015-10-08,662.0,3470.0
2015-10-09,576.0,3090.0
2015-10-10,528.0,2920.0
2015-10-11,536.0,2810.0
2015-10-12,538.0,2760.0
2015-10-13,524.0,2740.0
2015-10-14,479.0,2700.0
2015-10-15,430.0,2550.0
2015-10-16,458.0,2580.0
2015-10-17,833.0,2770.0
2015-10-18,955.0,3160.0
2015-10-19,914.0,3470.0
2015-10-20,778.0,3380.0
2015-10-21,689.0,3100.0
2015-10-22,648.0,2860.0
2015-10-23,636.0,2720.0
2015-10-24,632.0,2610.0
2015-10-25,650.0,2690.0
2015-10-26,1650.0,3110.0
2015-10-27,1740.0,4050.0
2015-10-28,1400.0,4810.0
2015-10-29,3140.0,4840.0
2015-10-30,7510.0,8630.0
2015-10-31,5650.0,14800.0
2015-11-01,3900.0,11500.0
2015-11-02,3410.0,9030.0
2015-11-03,3310.0,8200.0
2015-11-04,3340.0,8020.0
2015-11-05,2940.0,7850.0
2015-11-06,2440.0,7370.0
2015-11-07,2120.0,6690.0
2015-11-08,1840.0,6110.0
2015-11-09,1560.0,5640.0
2015-11-10,1360.0,5110.0
2015-11-11,1210.0,4690.0
2015-11-12,1110.0,4390.0
2015-11-13,1250.0,4400.0
2015-11-14,2160.0,4990.0
2015-11-15,2270.0,6550.0
2015-11-16,1950.0,6830.0
2015-11-17,1630.0,6240.0
2015-11-18,1380.0,5600.0
2015-11-19,1200.0,5060.0
2015-11-20,2000.0,5470.0
2015-11-21,5330.0,8660.0
2015-11-22,4670.0,14200.0
2015-11-23,3500.0,12300.0
2015-11-24,2590.0,10300.0
2015-11-25,1770.0,8390.0
2015-11-26,1450.0,7340.0
2015-11-27,1460.0,6830.0
2015-11-28,1610.0,6950.0
2015-11-29,1690.0,7100.0
2015-11-30,1140.0,6380.0
2015-12-01,987.0,5340.0
2015-12-02,1170.0,5380.0
2015-12-03,1370.0,6660.0
2015-12-04,1970.0,6970.0
2015-12-05,2380.0,7730.0
2015-12-06,2160.0,8690.0
2015-12-07,1980.0,8140.0
2015-12-08,1800.0,7700.0
2015-12-09,1560.0,7230.0
2015-12-10,1470.0,6860.0
2015-12-11,1400.0,6660.0
2015-12-12,1400.0,6650.0
2015-12-13,1640.0,6790.0
2015-12-14,1780.0,7280.0
2015-12-15,1660.0,7530.0
2015-12-16,1470.0,7190.0
2015-12-17,1630.0,6580.0
2015-12-18,1830.0,7460.0
2015-12-19,2400.0,8270.0
2015-12-20,2640.0,9440.0
2015-12-21,2200.0,9050.0
2015-12-22,1990.0,8440.0
2015-12-23,1900.0,8310.0
2015-12-24,2430.0,8790.0
2015-12-25,6270.0,14600.0
2015-12-26,8550.0,22800.0
2015-12-27,6410.0,21100.0
2015-12-28,4340.0,16300.0
2015-12-29,3250.0,10500.0
2015-12-30,2730.0,8150.0
2015-12-31,2430.0,8140.0
2016-01-01,2170.0,8450.0
2016-01-02,1950.0,7660.0
2016-01-03,1800.0,6990.0
2016-01-04,1690.0,6390.0
2016-01-05,1620.0,5820.0
2016-01-06,1570.0,5410.0
2016-01-07,1520.0,5100.0
2016-01-08,1480.0,4880.0
2016-01-09,1460.0,4700.0
2016-01-10,1570.0,4650.0
2016-01-11,1810.0,5180.0
2016-01-12,2040.0,5740.0
2016-01-13,2040.0,6470.0
2016-01-14,1880.0,6920.0
2016-01-15,1740.0,6920.0
2016-01-16,1600.0,6730.0
2016-01-17,1480.0,6460.0
2016-01-18,1360.0,6160.0
2016-01-19,1250.0,5910.0
2016-01-20,1150.0,5680.0
2016-01-21,1080.0,5480.0
2016-01-22,1020.0,5280.0
2016-01-23,967.0,5040.0
2016-01-24,926.0,4840.0
2016-01-25,885.0,4690.0
2016-01-26,852.0,4590.0
2016-01-27,831.0,4480.0
2016-01-28,817.0,4370.0
2016-01-29,808.0,4280.0
2016-01-30,803.0,4240.0
2016-01-31,799.0,4190.0
2016-02-01,795.0,4140.0
2016-02-02,795.0,4100.0
2016-02-03,813.0,4090.0
2016-02-04,893.0,4100.0
2016-02-05,1050.0,4210.0
2016-02-06,1270.0,4500.0
2016-02-07,1250.0,4820.0
2016-02-08,1150.0,5130.0
2016-02-09,1080.0,5250.0
2016-02-10,1040.0,5250.0
2016-02-11,986.0,5090.0
2016-02-12,931.0,4700.0
2016-02-13,867.0,4230.0
2016-02-14,808.0,3860.0
2016-02-15,763.0,3560.0
2016-02-16,737.0,3350.0
2016-02-17,812.0,3320.0
2016-02-18,1010.0,3360.0
2016-02-19,1230.0,3550.0
2016-02-20,1350.0,3940.0
2016-02-21,1360.0,4390.0
2016-02-22,1300.0,4450.0
2016-02-23,1250.0,4290.0
2016-02-24,1200.0,4120.0
2016-02-25,1260.0,4180.0
2016-02-26,1710.0,5010.0
2016-02-27,3120.0,7510.0
2016-02-28,3970.0,10800.0
2016-02-29,3840.0,12300.0
2016-03-01,3590.0,12100.0
2016-03-02,3320.0,11400.0
2016-03-03,3060.0,10800.0
2016-03-04,2840.0,10300.0
2016-03-05,2610.0,9790.0
2016-03-06,2400.0,9260.0
2016-03-07,2220.0,8840.0
2016-03-08,2080.0,8350.0
2016-03-09,1980.0,7900.0
2016-03-10,2090.0,7670.0
2016-03-11,2830.0,7680.0
2016-03-12,4230.0,9600.0
2016-03-13,5230.0,13200.0
2016-03-14,5040.0,13800.0
2016-03-15,4440.0,13100.0
2016-03-16,4110.0,12300.0
2016-03-17,4300.0,12500.0
2016-03-18,4460.0,13200.0
2016-03-19,4250.0,12700.0
2016-03-20,3910.0,12000.0
2016-03-21,3630.0,11300.0
2016-03-22,3430.0,10700.0
2016-03-23,3240.0,10000.0
2016-03-24,3030.0,9410.0
2016-03-25,2910.0,8850.0
2016-03-26,2820.0,8440.0
2016-03-27,2770.0,8200.0
2016-03-28,3090.0,8260.0
2016-03-29,4030.0,9000.0
2016-03-30,5680.0,11100.0
2016-03-31,8000.0,14100.0
2016-04-01,10600.0,18600.0
2016-04-02,12600.0,24500.0
2016-04-03,12800.0,31600.0
2016-04-04,12000.0,36000.0
2016-04-05,10100.0,36000.0
2016-04-06,7610.0,31600.0
2016-04-07,5830.0,26800.0
2016-04-08,5450.0,24400.0
2016-04-09,7260.0,25100.0
2016-04-10,7510.0,28100.0
2016-04-11,6540.0,28100.0
2016-04-12,5540.0,27000.0
2016-04-13,6040.0,26900.0
2016-04-14,6830.0,28100.0
2016-04-15,7010.0,29300.0
2016-04-16,7460.0,30700.0
2016-04-17,8710.0,33800.0
2016-04-18,11800.0,41600.0
2016-04-19,13500.0,47700.0
2016-04-20,12500.0,49300.0
2016-04-21,11600.0,48300.0
2016-04-22,12900.0,51700.0
2016-04-23,14400.0,58100.0
2016-04-24,13500.0,62700.0
2016-04-25,10400.0,56700.0
2016-04-26,7690.0,46900.0
2016-04-27,5990.0,39200.0
2016-04-28,4860.0,33500.0
2016-04-29,4010.0,28900.0
2016-04-30,3550.0,25800.0
2016-05-01,3490.0,24300.0
2016-05-02,4070.0,24800.0
2016-05-03,5660.0,28100.0
2016-05-04,6200.0,31500.0
2016-05-05,6020.0,31400.0
2016-05-06,6070.0,31500.0
2016-05-07,6150.0,32600.0
2016-05-08,6170.0,33300.0
2016-05-09,6240.0,34500.0
2016-05-10,5030.0,31700.0
2016-05-11,3910.0,26600.0
2016-05-12,3200.0,22700.0
2016-05-13,2770.0,20300.0
2016-05-14,2960.0,20300.0
2016-05-15,3470.0,22400.0
2016-05-16,4110.0,23400.0
2016-05-17,3820.0,22900.0
2016-05-18,3180.0,20400.0
2016-05-19,2650.0,17800.0
2016-05-20,2180.0,15600.0
2016-05-21,1800.0,13700.0
2016-05-22,1510.0,12200.0
2016-05-23,1240.0,10900.0
2016-05-24,1040.0,9810.0
2016-05-25,891.0,8970.0
2016-05-26,773.0,8400.0
2016-05-27,715.0,7940.0
2016-05-28,766.0,7820.0
2016-05-29,936.0,7600.0
2016-05-30,1070.0,7440.0
2016-05-31,1250.0,7920.0
2016-06-01,1060.0,8670.0
2016-06-02,854.0,8570.0
2016-06-03,711.0,7720.0
2016-06-04,695.0,7300.0
2016-06-05,685.0,6730.0
2016-06-06,1850.0,7350.0
2016-06-07,4110.0,11900.0
2016-06-08,3280.0,15700.0
2016-06-09,2410.0,13700.0
2016-06-10,1800.0,11900.0
2016-06-11,1450.0,10400.0
2016-06-12,1350.0,9840.0
2016-06-13,2270.0,12600.0
2016-06-14,2720.0,16100.0
2016-06-15,2440.0,15200.0
2016-06-16,1780.0,13100.0
2016-06-17,1270.0,10900.0
2016-06-18,941.0,9250.0
2016-06-19,736.0,8090.0
2016-06-20,602.0,7260.0
2016-06-21,537.0,6650.0
2016-06-22,553.0,6200.0
2016-06-23,511.0,5810.0
2016-06-24,446.0,5430.0
2016-06-25,386.0,4980.0
2016-06-26,331.0,4530.0
2016-06-27,289.0,4120.0
2016-06-28,259.0,3790.0
2016-06-29,265.0,3900.0
2016-06-30,344.0,5660.0
2016-07-01,786.0,5870.0
2016-07-02,977.0,5660.0
2016-07-03,941.0,6330.0
2016-07-04,868.0,5700.0
2016-07-05,752.0,5320.0
2016-07-06,626.0,5970.0
2016-07-07,656.0,7140.0
2016-07-08,1660.0,12400.0
2016-07-09,2100.0,13900.0
2016-07-10,1950.0,11900.0
2016-07-11,3520.0,10700.0
2016-07-12,3540.0,11400.0
2016-07-13,2450.0,10700.0
2016-07-14,1720.0,9220.0
2016-07-15,2290.0,9670.0
2016-07-16,2580.0,10900.0
2016-07-17,1830.0,10700.0
2016-07-18,1410.0,9070.0
2016-07-19,1240.0,8040.0
2016-07-20,1010.0,7190.0
2016-07-21,775.0,6530.0
2016-07-22,620.0,5980.0
2016-07-23,529.0,5860.0
2016-07-24,651.0,5330.0
2016-07-25,791.0,4690.0
2016-07-26,674.0,4770.0
2016-07-27,1400.0,5090.0
2016-07-28,1320.0,4980.0
2016-07-29,859.0,5410.0
2016-07-30,604.0,4730.0
2016-07-31,468.0,4030.0
2016-08-01,371.0,3530.0
2016-08-02,306.0,3180.0
2016-08-03,258.0,2910.0
2016-08-04,223.0,2750.0
2016-08-05,194.0,2740.0
2016-08-06,195.0,2710.0
2016-08-07,202.0,2690.0
2016-08-08,222.0,2640.0
2016-08-09,184.0,2490.0
2016-08-10,169.0,2370.0
2016-08-11,157.0,2250.0
2016-08-12,187.0,2130.0
2016-08-13,291.0,2150.0
2016-08-14,1390.0,2400.0
2016-08-15,6190.0,3170.0
2016-08-16,5650.0,8620.0
2016-08-17,6050.0,9660.0
2016-08-18,8250.0,11100.0
2016-08-19,7110.0,12800.0
2016-08-20,4780.0,10900.0
2016-08-21,2830.0,8490.0
2016-08-22,2250.0,7580.0
2016-08-23,3560.0,8720.0
2016-08-24,3260.0,9440.0
2016-08-25,2260.0,8750.0
2016-08-26,1640.0,7260.0
2016-08-27,1290.0,6090.0
2016-08-28,1040.0,5170.0
2016-08-29,887.0,4790.0
2016-08-30,791.0,4910.0
2016-08-31,688.0,4470.0
2016-09-01,593.0,4140.0
2016-09-02,541.0,3840.0
2016-09-03,542.0,3330.0
2016-09-04,458.0,3070.0
2016-09-05,385.0,2990.0
2016-09-06,335.0,2840.0
2016-09-07,295.0,2660.0
2016-09-08,271.0,2720.0
2016-09-09,333.0,3320.0
2016-09-10,419.0,4360.0
2016-09-11,405.0,4460.0
2016-09-12,444.0,3930.0
2016-09-13,488.0,3520.0
2016-09-14,449.0,3120.0
2016-09-15,458.0,2960.0
2016-09-16,503.0,2780.0
2016-09-17,407.0,2620.0
2016-09-18,359.0,2540.0
2016-09-19,326.0,2340.0
2016-09-20,351.0,2260.0
2016-09-21,457.0,2300.0
2016-09-22,388.0,2410.0
2016-09-23,362.0,2490.0
2016-09-24,378.0,2470.0
2016-09-25,403.0,2450.0
2016-09-26,343.0,2270.0
2016-09-27,300.0,2140.0
2016-09-28,277.0,1970.0
2016-09-29,273.0,1830.0
2016-09-30,259.0,1720.0
2016-10-01,237.0,1620.0
2016-10-02,217.0,1560.0
2016-10-03,200.0,1490.0
2016-10-04,184.0,1420.0
2016-10-05,173.0,1350.0
2016-10-06,165.0,1300.0
2016-10-07,156.0,1260.0
2016-10-08,148.0,1210.0
2016-10-09,141.0,1170.0
2016-10-10,133.0,1120.0
2016-10-11,129.0,1080.0
2016-10-12,122.0,1030.0
2016-10-13,119.0,998.0
2016-10-14,118.0,978.0
2016-10-15,120.0,966.0
2016-10-16,136.0,948.0
2016-10-17,167.0,959.0
2016-10-18,357.0,1010.0
2016-10-19,490.0,1150.0
2016-10-20,784.0,1160.0
2016-10-21,2720.0,2100.0
2016-10-22,14500.0,10800.0
2016-10-23,20600.0,36900.0
2016-10-24,16900.0,42200.0
2016-10-25,11400.0,32000.0
2016-10-26,7040.0,21900.0
2016-10-27,4890.0,15600.0
2016-10-28,3730.0,12200.0
2016-10-29,3180.0,10200.0
2016-10-30,3110.0,9380.0
2016-10-31,3220.0,9210.0
2016-11-01,2880.0,9030.0
2016-11-02,2890.0,8480.0
2016-11-03,3680.0,8330.0
2016-11-04,4510.0,9700.0
2016-11-05,4410.0,11300.0
2016-11-06,3590.0,10900.0
2016-11-07,2900.0,9500.0
2016-11-08,2440.0,8360.0
2016-11-09,2140.0,7570.0
2016-11-10,1900.0,7030.0
2016-11-11,1730.0,6610.0
2016-11-12,1780.0,6360.0
2016-11-13,1690.0,6250.0
2016-11-14,1530.0,6100.0
2016-11-15,1380.0,5770.0
2016-11-16,1560.0,5890.0
2016-11-17,4950.0,8360.0
2016-11-18,4900.0,15200.0
2016-11-19,3760.0,13900.0
2016-11-20,3010.0,11700.0
2016-11-21,3040.0,10700.0
2016-11-22,3070.0,10900.0
2016-11-23,2670.0,10800.0
2016-11-24,2260.0,9920.0
2016-11-25,1970.0,9000.0
2016-11-26,1790.0,8440.0
2016-11-27,1710.0,8040.0
2016-11-28,1700.0,7730.0
2016-11-29,1670.0,7560.0
2016-11-30,1600.0,7510.0
2016-12-01,1630.0,7480.0
2016-12-02,1540.0,7410.0
2016-12-03,1480.0,7100.0
2016-12-04,1380.0,6630.0
2016-12-05,1290.0,6080.0
2016-12-06,1210.0,5440.0
2016-12-07,1140.0,4890.0
2016-12-08,1100.0,4700.0
2016-12-09,1010.0,4560.0
2016-12-10,703.0,3790.0
2016-12-11,490.0,2570.0
2016-12-12,434.0,1910.0
2016-12-13,632.0,1890.0
2016-12-14,734.0,2560.0
2016-12-15,720.0,3120.0
2016-12-16,702.0,3190.0
2016-12-17,688.0,3110.0
2016-12-18,670.0,3040.0
2016-12-19,655.0,2980.0
2016-12-20,648.0,2910.0
2016-12-21,645.0,2850.0
2016-12-22,635.0,2790.0
2016-12-23,629.0,2740.0
2016-12-24,621.0,2690.0
2016-12-25,610.0,2640.0
2016-12-26,606.0,2600.0
2016-12-27,604.0,2560.0
2016-12-28,621.0,2530.0
2016-12-29,703.0,2500.0
2016-12-30,802.0,2830.0
2016-12-31,840.0,3410.0
2017-01-01,823.0,3620.0
2017-01-02,794.0,3620.0
2017-01-03,767.0,3560.0
2017-01-04,741.0,3490.0
2017-01-05,729.0,3410.0
2017-01-06,728.0,3320.0
2017-01-07,720.0,3250.0
2017-01-08,703.0,3180.0
2017-01-09,682.0,3130.0
2017-01-10,671.0,3090.0
2017-01-11,656.0,3060.0
2017-01-12,667.0,3130.0
2017-01-13,789.0,3380.0
2017-01-14,939.0,3870.0
2017-01-15,1100.0,4360.0
2017-01-16,1220.0,4650.0
2017-01-17,1220.0,4770.0
2017-01-18,1180.0,4690.0
2017-01-19,1130.0,4500.0
2017-01-20,1090.0,4270.0
2017-01-21,1060.0,4050.0
2017-01-22,1020.0,3870.0
2017-01-23,992.0,3710.0
2017-01-24,963.0,3590.0
2017-01-25,948.0,3540.0
2017-01-26,948.0,3540.0
2017-01-27,944.0,3510.0
2017-01-28,928.0,3480.0
2017-01-29,910.0,3420.0
2017-01-30,895.0,3360.0
2017-01-31,881.0,3290.0
2017-02-01,874.0,3230.0
2017-02-02,864.0,3160.0
2017-02-03,853.0,3100.0
2017-02-04,840.0,3070.0
2017-02-05,831.0,3040.0
2017-02-06,822.0,3000.0
2017-02-07,816.0,2980.0
2017-02-08,810.0,2960.0
2017-02-09,806.0,2940.0
2017-02-10,798.0,2930.0
2017-02-11,795.0,2920.0
2017-02-12,790.0,2900.0
2017-02-13,786.0,2890.0
2017-02-14,782.0,2880.0
2017-02-15,782.0,2880.0
2017-02-16,781.0,2870.0
2017-02-17,780.0,2840.0
2017-02-18,780.0,2820.0
2017-02-19,784.0,2790.0
2017-02-20,798.0,2760.0
2017-02-21,812.0,2700.0
2017-02-22,829.0,2690.0
2017-02-23,852.0,2680.0
2017-02-24,932.0,2890.0
2017-02-25,1090.0,3450.0
2017-02-26,1420.0,4530.0
2017-02-27,1880.0,6520.0
2017-02-28,2260.0,9360.0
2017-03-01,2410.0,11100.0
2017-03-02,2450.0,12000.0
2017-03-03,2350.0,12100.0
2017-03-04,2190.0,12000.0
2017-03-05,2040.0,11600.0
2017-03-06,1910.0,10900.0
2017-03-07,1800.0,10300.0
2017-03-08,1680.0,9740.0
2017-03-09,1620.0,9290.0
2017-03-10,1570.0,8830.0
2017-03-11,1480.0,8480.0
2017-03-12,1370.0,8100.0
2017-03-13,1280.0,7790.0
2017-03-14,1210.0,7560.0
2017-03-15,1160.0,7420.0
2017-03-16,1100.0,7470.0
2017-03-17,1060.0,7360.0
2017-03-18,1020.0,7080.0
2017-03-19,986.0,6790.0
2017-03-20,956.0,6530.0
2017-03-21,933.0,6290.0
2017-03-22,922.0,6070.0
2017-03-23,908.0,5870.0
2017-03-24,899.0,5720.0
2017-03-25,892.0,5600.0
2017-03-26,882.0,5500.0
2017-03-27,875.0,5420.0
2017-03-28,865.0,5350.0
2017-03-29,863.0,5280.0
2017-03-30,859.0,5200.0
2017-03-31,855.0,5030.0
2017-04-01,855.0,4970.0
2017-04-02,848.0,4920.0
2017-04-03,848.0,4930.0
2017-04-04,891.0,5010.0
2017-04-05,939.0,5190.0
2017-04-06,951.0,5390.0
2017-04-07,1040.0,6710.0
2017-04-08,1460.0,10000.0
2017-04-09,2620.0,16300.0
2017-04-10,5340.0,23100.0
2017-04-11,9060.0,30700.0
2017-04-12,12700.0,47500.0
2017-04-13,15100.0,56700.0
2017-04-14,15800.0,60200.0
2017-04-15,16700.0,61600.0
2017-04-16,17900.0,64200.0
2017-04-17,22400.0,68600.0
2017-04-18,22300.0,72200.0
2017-04-19,18400.0,64700.0
2017-04-20,14300.0,57500.0
2017-04-21,11900.0,52300.0
2017-04-22,11000.0,49600.0
2017-04-23,10800.0,48500.0
2017-04-24,12200.0,49300.0
2017-04-25,12100.0,51200.0
2017-04-26,13300.0,53200.0
2017-04-27,21200.0,72900.0
2017-04-28,23100.0,91900.0
2017-04-29,22900.0,94900.0
2017-04-30,20000.0,89900.0
2017-05-01,16400.0,78900.0
2017-05-02,19400.0,80900.0
2017-05-03,19600.0,92100.0
2017-05-04,16100.0,86600.0
2017-05-05,11900.0,72300.0
2017-05-06,9400.0,61400.0
2017-05-07,9730.0,57300.0
2017-05-08,9950.0,58300.0
2017-05-09,8540.0,56600.0
2017-05-10,7000.0,51400.0
2017-05-11,6320.0,44800.0
2017-05-12,5730.0,39500.0
2017-05-13,4930.0,34900.0
2017-05-14,4150.0,30700.0
2017-05-15,5120.0,28200.0
2017-05-16,7130.0,28700.0
2017-05-17,6200.0,28400.0
2017-05-18,4950.0,25000.0
2017-05-19,4200.0,23600.0
2017-05-20,3510.0,23100.0
2017-05-21,2730.0,20100.0
2017-05-22,2190.0,17100.0
2017-05-23,1870.0,14900.0
2017-05-24,1630.0,13300.0
2017-05-25,1400.0,12100.0
2017-05-26,1380.0,11000.0
2017-05-27,3450.0,10200.0
2017-05-28,3800.0,11100.0
2017-05-29,2870.0,11900.0
2017-05-30,2140.0,10500.0
2017-05-31,1830.0,9440.0
2017-06-01,2100.0,9680.0
2017-06-02,2210.0,11100.0
2017-06-03,1900.0,10700.0
2017-06-04,1620.0,9400.0
2017-06-05,1450.0,8360.0
2017-06-06,1310.0,7600.0
2017-06-07,1120.0,7010.0
2017-06-08,937.0,6470.0
2017-06-09,798.0,5970.0
2017-06-10,749.0,5490.0
2017-06-11,807.0,5010.0
2017-06-12,737.0,4670.0
2017-06-13,619.0,4530.0
2017-06-14,542.0,4250.0
2017-06-15,581.0,3800.0
2017-06-16,514.0,3520.0
2017-06-17,749.0,3900.0
2017-06-18,1800.0,4550.0
2017-06-19,1490.0,5120.0
2017-06-20,1180.0,6650.0
2017-06-21,1520.0,7560.0
2017-06-22,1440.0,6890.0
2017-06-23,1220.0,6690.0
2017-06-24,1570.0,7630.0
2017-06-25,3370.0,8690.0
2017-06-26,2940.0,9820.0
2017-06-27,2070.0,8840.0
2017-06-28,1710.0,7700.0
2017-06-29,1740.0,7330.0
2017-06-30,1710.0,7090.0
2017-07-01,1680.0,6580.0
2017-07-02,1980.0,6610.0
2017-07-03,1840.0,6930.0
2017-07-04,1830.0,6970.0
2017-07-05,1690.0,6610.0
2017-07-06,1290.0,6320.0
2017-07-07,1010.0,5720.0
2017-07-08,1270.0,6480.0
2017-07-09,2100.0,7410.0
2017-07-10,2520.0,8100.0
2017-07-11,2670.0,8460.0
2017-07-12,2110.0,8210.0
2017-07-13,1580.0,7620.0
2017-07-14,1210.0,6630.0
2017-07-15,944.0,5700.0
2017-07-16,770.0,4980.0
2017-07-17,694.0,4550.0
2017-07-18,914.0,4200.0
2017-07-19,1200.0,3950.0
2017-07-20,1010.0,4170.0
2017-07-21,776.0,4450.0
2017-07-22,652.0,4320.0
2017-07-23,639.0,3800.0
2017-07-24,656.0,3380.0
2017-07-25,510.0,3100.0
2017-07-26,414.0,2940.0
2017-07-27,358.0,2650.0
2017-07-28,313.0,2390.0
2017-07-29,283.0,2160.0
2017-07-30,254.0,1950.0
2017-07-31,223.0,1810.0
2017-08-01,197.0,1720.0
2017-08-02,174.0,1660.0
2017-08-03,154.0,1590.0
2017-08-04,141.0,1520.0
2017-08-05,137.0,1610.0
2017-08-06,156.0,1650.0
2017-08-07,249.0,1660.0
2017-08-08,292.0,1670.0
2017-08-09,276.0,1500.0
2017-08-10,216.0,1450.0
2017-08-11,177.0,1420.0
2017-08-12,175.0,1360.0
2017-08-13,188.0,1290.0
2017-08-14,339.0,1250.0
2017-08-15,462.0,1210.0
2017-08-16,377.0,1240.0
2017-08-17,306.0,1440.0
2017-08-18,267.0,1460.0
2017-08-19,243.0,1350.0
2017-08-20,239.0,1320.0
2017-08-21,277.0,1310.0
2017-08-22,272.0,1250.0
2017-08-23,264.0,1280.0
2017-08-24,361.0,1330.0
2017-08-25,636.0,1340.0
2017-08-26,460.0,1270.0
2017-08-27,338.0,1430.0
2017-08-28,261.0,1390.0
2017-08-29,208.0,1240.0
2017-08-30,173.0,1130.0
2017-08-31,152.0,1060.0
2017-09-01,137.0,1030.0
2017-09-02,121.0,982.0
2017-09-03,115.0,939.0
2017-09-04,137.0,1100.0
2017-09-05,150.0,1250.0
2017-09-06,184.0,1360.0
2017-09-07,371.0,1580.0
2017-09-08,875.0,2050.0
2017-09-09,1160.0,2450.0
2017-09-10,932.0,2990.0
2017-09-11,791.0,3090.0
2017-09-12,649.0,2620.0
2017-09-13,501.0,2300.0
2017-09-14,396.0,2040.0
2017-09-15,324.0,1810.0
2017-09-16,271.0,1630.0
2017-09-17,234.0,1490.0
2017-09-18,205.0,1400.0
2017-09-19,184.0,1330.0
2017-09-20,166.0,1250.0
2017-09-21,150.0,1180.0
2017-09-22,139.0,1130.0
2017-09-23,129.0,1080.0
2017-09-24,120.0,1040.0
2017-09-25,110.0,1010.0
2017-09-26,101.0,984.0
2017-09-27,100.0,988.0
2017-09-28,96.5,1030.0
2017-09-29,97.2,1000.0
2017-09-30,97.3,957.0
2017-10-01,123.0,918.0
2017-10-02,128.0,907.0
2017-10-03,111.0,894.0
2017-10-04,105.0,888.0
2017-10-05,129.0,1120.0
2017-10-06,208.0,1270.0
2017-10-07,396.0,1330.0
2017-10-08,367.0,1230.0
2017-10-09,336.0,1320.0
2017-10-10,1030.0,1650.0
2017-10-11,2050.0,1770.0
2017-10-12,1620.0,2600.0
2017-10-13,1130.0,3160.0
2017-10-14,838.0,2590.0
2017-10-15,713.0,2210.0
2017-10-16,1250.0,2190.0
2017-10-17,2040.0,2860.0
2017-10-18,1800.0,4170.0
2017-10-19,1350.0,3980.0
2017-10-20,1010.0,3210.0
2017-10-21,803.0,2630.0
2017-10-22,659.0,2230.0
2017-10-23,560.0,1960.0
2017-10-24,495.0,1770.0
2017-10-25,1800.0,1850.0
2017-10-26,9400.0,7050.0
2017-10-27,18200.0,25900.0
2017-10-28,18600.0,37200.0
2017-10-29,13400.0,32400.0
2017-10-30,10300.0,24900.0
2017-10-31,11900.0,24400.0
2017-11-01,10400.0,26400.0
2017-11-02,8320.0,22800.0
2017-11-03,11000.0,23600.0
2017-11-04,12500.0,32300.0
2017-11-05,9360.0,30300.0
2017-11-06,7990.0,25800.0
2017-11-07,9160.0,27200.0
2017-11-08,7200.0,26500.0
2017-11-09,5350.0,21700.0
2017-11-10,4180.0,18000.0
2017-11-11,3180.0,15300.0
2017-11-12,2520.0,12900.0
2017-11-13,2120.0,11200.0
2017-11-14,1830.0,10200.0
2017-11-15,1650.0,9160.0
2017-11-16,1510.0,8420.0
2017-11-17,1370.0,8080.0
2017-11-18,1140.0,7230.0
2017-11-19,1230.0,6630.0
2017-11-20,1300.0,6820.0
2017-11-21,1250.0,6930.0
2017-11-22,1160.0,6760.0
2017-11-23,1080.0,6510.0
2017-11-24,1010.0,6170.0
2017-11-25,977.0,5960.0
2017-11-26,945.0,5850.0
2017-11-27,912.0,5380.0
2017-11-28,780.0,4630.0
2017-11-29,843.0,4150.0
2017-11-30,845.0,3900.0
2017-12-01,802.0,3840.0
2017-12-02,767.0,3940.0
2017-12-03,737.0,3890.0
2017-12-04,713.0,3660.0
2017-12-05,694.0,3340.0
2017-12-06,726.0,3210.0
2017-12-07,808.0,3410.0
2017-12-08,832.0,3560.0
2017-12-09,800.0,3540.0
2017-12-10,768.0,3410.0
2017-12-11,739.0,3280.0
2017-12-12,712.0,3150.0
2017-12-13,688.0,3030.0
2017-12-14,667.0,2900.0
2017-12-15,647.0,2770.0
2017-12-16,628.0,2650.0
2017-12-17,610.0,2530.0
2017-12-18,591.0,2420.0
2017-12-19,574.0,2310.0
2017-12-20,559.0,2220.0
2017-12-21,544.0,2130.0
2017-12-22,533.0,2050.0
2017-12-23,521.0,1990.0
2017-12-24,510.0,1940.0
2017-12-25,496.0,1890.0
2017-12-26,480.0,1840.0
2017-12-27,465.0,1800.0
2017-12-28,453.0,1750.0
2017-12-29,441.0,1710.0
2017-12-30,432.0,1670.0
2017-12-31,421.0,1630.0
2018-01-01,410.0,1600.0
2018-01-02,402.0,1560.0
2018-01-03,394.0,1530.0
2018-01-04,389.0,1510.0
2018-01-05,383.0,1490.0
2018-01-06,378.0,1470.0
2018-01-07,373.0,1450.0
2018-01-08,367.0,1430.0
2018-01-09,360.0,1410.0
2018-01-10,353.0,1400.0
2018-01-11,351.0,1380.0
2018-01-12,375.0,1410.0
2018-01-13,495.0,1900.0
2018-01-14,691.0,2910.0
2018-01-15,970.0,4400.0
2018-01-16,1270.0,5850.0
2018-01-17,1430.0,6640.0
2018-01-18,1450.0,7040.0
2018-01-19,1410.0,7020.0
2018-01-20,1330.0,6820.0
2018-01-21,1240.0,6550.0
2018-01-22,1170.0,6270.0
2018-01-23,1120.0,6010.0
2018-01-24,1070.0,5740.0
2018-01-25,1020.0,5490.0
2018-01-26,982.0,5270.0
2018-01-27,953.0,5070.0
2018-01-28,929.0,4880.0
2018-01-29,908.0,4700.0
2018-01-30,892.0,4550.0
2018-01-31,877.0,4410.0
2018-02-01,866.0,4300.0
2018-02-02,854.0,4190.0
2018-02-03,843.0,4090.0
2018-02-04,832.0,4010.0
2018-02-05,820.0,3930.0
2018-02-06,809.0,3860.0
2018-02-07,797.0,3790.0
2018-02-08,786.0,3730.0
2018-02-09,777.0,3680.0
2018-02-10,769.0,3620.0
2018-02-11,761.0,3570.0
2018-02-12,755.0,3520.0
2018-02-13,748.0,3480.0
2018-02-14,743.0,3430.0
2018-02-15,737.0,3390.0
2018-02-16,732.0,3350.0
2018-02-17,727.0,3310.0
2018-02-18,723.0,3280.0
2018-02-19,718.0,3250.0
2018-02-20,714.0,3220.0
2018-02-21,723.0,3220.0
2018-02-22,795.0,3430.0
2018-02-23,947.0,3830.0
2018-02-24,1230.0,4460.0
2018-02-25,1450.0,5370.0
2018-02-26,1430.0,6130.0
2018-02-27,1390.0,6300.0
2018-02-28,1340.0,6060.0
2018-03-01,1290.0,5740.0
2018-03-02,1250.0,5450.0
2018-03-03,1220.0,5200.0
2018-03-04,1180.0,4960.0
2018-03-05,1150.0,4730.0
2018-03-06,1120.0,4540.0
2018-03-07,1090.0,4390.0
2018-03-08,1060.0,4280.0
2018-03-09,1030.0,4170.0
2018-03-10,1010.0,4080.0
2018-03-11,983.0,3980.0
2018-03-12,965.0,3880.0
2018-03-13,951.0,3790.0
2018-03-14,938.0,3720.0
2018-03-15,924.0,3780.0
2018-03-16,913.0,3760.0
2018-03-17,901.0,3710.0
2018-03-18,890.0,3660.0
2018-03-19,880.0,3610.0
2018-03-20,869.0,3560.0
2018-03-21,850.0,3530.0
2018-03-22,832.0,3500.0
2018-03-23,816.0,3450.0
2018-03-24,803.0,3370.0
2018-03-25,789.0,3290.0
2018-03-26,776.0,3230.0
2018-03-27,763.0,3170.0
2018-03-28,753.0,3120.0
2018-03-29,759.0,3080.0
2018-03-30,793.0,3120.0
2018-03-31,863.0,3490.0
2018-04-01,1060.0,4060.0
2018-04-02,1430.0,5070.0
2018-04-03,1640.0,6260.0
2018-04-04,1580.0,6700.0
2018-04-05,1510.0,6590.0
2018-04-06,1450.0,6340.0
2018-04-07,1390.0,6030.0
2018-04-08,1340.0,5750.0
2018-04-09,1290.0,5490.0
2018-04-10,1250.0,5250.0
2018-04-11,1220.0,5090.0
2018-04-12,1190.0,5000.0
2018-04-13,1170.0,4990.0
2018-04-14,1160.0,5080.0
2018-04-15,1180.0,5350.0
2018-04-16,1260.0,5820.0
2018-04-17,1370.0,6590.0
2018-04-18,1540.0,7510.0
2018-04-19,1940.0,8690.0
2018-04-20,2370.0,10200.0
2018-04-21,2800.0,12000.0
2018-04-22,3430.0,14500.0
2018-04-23,4430.0,17500.0
2018-04-24,5910.0,22400.0
2018-04-25,8790.0,31100.0
2018-04-26,15700.0,51600.0
2018-04-27,28900.0,96900.0
2018-04-28,36900.0,123000.0
2018-04-29,36000.0,123000.0
2018-04-30,38700.0,119000.0
2018-05-01,38100.0,126000.0
2018-05-02,33200.0,117000.0
2018-05-03,32700.0,115000.0
2018-05-04,31500.0,114000.0
2018-05-05,29700.0,109000.0
2018-05-06,26500.0,108000.0
2018-05-07,20600.0,93900.0
2018-05-08,14400.0,75600.0
2018-05-09,10200.0,60400.0
2018-05-10,8000.0,50900.0
2018-05-11,6650.0,44600.0
2018-05-12,5250.0,39000.0
2018-05-13,3980.0,32800.0
2018-05-14,3150.0,27400.0
2018-05-15,2620.0,23200.0
2018-05-16,2230.0,20000.0
2018-05-17,1870.0,17300.0
2018-05-18,1570.0,15100.0
2018-05-19,1320.0,13300.0
2018-05-20,1230.0,12300.0
2018-05-21,1580.0,11700.0
2018-05-22,1500.0,11100.0
2018-05-23,1230.0,10400.0
2018-05-24,1160.0,9850.0
2018-05-25,1090.0,9400.0
2018-05-26,1030.0,8740.0
2018-05-27,1650.0,8000.0
2018-05-28,1350.0,7660.0
2018-05-29,1010.0,7430.0
2018-05-30,803.0,6710.0
2018-05-31,649.0,6070.0
2018-06-01,548.0,5570.0
2018-06-02,474.0,5090.0
2018-06-03,424.0,4650.0
2018-06-04,372.0,4240.0
2018-06-05,392.0,3960.0
2018-06-06,617.0,3830.0
2018-06-07,783.0,3830.0
2018-06-08,705.0,4080.0
2018-06-09,573.0,4080.0
2018-06-10,455.0,3680.0
2018-06-11,370.0,3280.0
2018-06-12,306.0,2940.0
2018-06-13,260.0,2680.0
2018-06-14,371.0,3000.0
2018-06-15,1260.0,3930.0
2018-06-16,1480.0,4940.0
2018-06-17,998.0,5320.0
2018-06-18,734.0,4670.0
2018-06-19,671.0,4180.0
2018-06-20,627.0,4530.0
2018-06-21,512.0,4210.0
2018-06-22,435.0,3550.0
2018-06-23,369.0,3020.0
2018-06-24,312.0,2680.0
2018-06-25,296.0,2450.0
2018-06-26,345.0,2440.0
2018-06-27,526.0,2480.0
2018-06-28,501.0,2350.0
2018-06-29,406.0,2490.0
2018-06-30,369.0,2550.0
2018-07-01,370.0,2370.0
2018-07-02,450.0,2220.0
2018-07-03,1730.0,2120.0
2018-07-04,2370.0,2110.0
2018-07-05,1750.0,3830.0
2018-07-06,1190.0,3790.0
2018-07-07,949.0,3050.0
2018-07-08,951.0,2530.0
2018-07-09,720.0,2200.0
2018-07-10,540.0,2130.0
2018-07-11,422.0,1880.0
2018-07-12,346.0,1650.0
2018-07-13,309.0,1490.0
2018-07-14,270.0,1380.0
2018-07-15,249.0,1330.0
2018-07-16,428.0,1410.0
2018-07-17,713.0,1500.0
2018-07-18,781.0,2120.0
2018-07-19,1190.0,2480.0
2018-07-20,879.0,2180.0
2018-07-21,612.0,2300.0
2018-07-22,452.0,1920.0
2018-07-23,371.0,1680.0
2018-07-24,325.0,1560.0
2018-07-25,301.0,1800.0
2018-07-26,370.0,1760.0
2018-07-27,1070.0,2010.0
2018-07-28,1010.0,2630.0
2018-07-29,761.0,3150.0
2018-07-30,618.0,2560.0
2018-07-31,496.0,2090.0
2018-08-01,401.0,1810.0
2018-08-02,334.0,1600.0
2018-08-03,283.0,1450.0
2018-08-04,249.0,1350.0
2018-08-05,226.0,1270.0
2018-08-06,214.0,1190.0
2018-08-07,211.0,1440.0
2018-08-08,196.0,1820.0
2018-08-09,604.0,2310.0
2018-08-10,1920.0,4320.0
2018-08-11,1580.0,6460.0
2018-08-12,973.0,5170.0
2018-08-13,631.0,3540.0
2018-08-14,452.0,2590.0
2018-08-15,429.0,2420.0
2018-08-16,383.0,2920.0
2018-08-17,391.0,2300.0
2018-08-18,565.0,2050.0
2018-08-19,799.0,2930.0
2018-08-20,657.0,3650.0
2018-08-21,467.0,3040.0
2018-08-22,383.0,2410.0
2018-08-23,375.0,2040.0
2018-08-24,412.0,1950.0
2018-08-25,354.0,1830.0
2018-08-26,288.0,1650.0
2018-08-27,234.0,1490.0
2018-08-28,198.0,1350.0
2018-08-29,231.0,1260.0
2018-08-30,319.0,1330.0
2018-08-31,421.0,1460.0
2018-09-01,541.0,1580.0
2018-09-02,398.0,1570.0
2018-09-03,335.0,1580.0
2018-09-04,318.0,1520.0
2018-09-05,396.0,1560.0
2018-09-06,499.0,1470.0
2018-09-07,374.0,1330.0
2018-09-08,285.0,1350.0
2018-09-09,230.0,1230.0
2018-09-10,193.0,1090.0
2018-09-11,184.0,1050.0
2018-09-12,200.0,1070.0
2018-09-13,327.0,1050.0
2018-09-14,291.0,1030.0
2018-09-15,252.0,1010.0
2018-09-16,211.0,1050.0
2018-09-17,175.0,995.0
2018-09-18,153.0,936.0
2018-09-19,141.0,895.0
2018-09-20,131.0,856.0
2018-09-21,131.0,835.0
2018-09-22,152.0,885.0
2018-09-23,390.0,895.0
2018-09-24,416.0,930.0
2018-09-25,363.0,912.0
2018-09-26,349.0,1140.0
2018-09-27,1560.0,1470.0
2018-09-28,2740.0,2090.0
2018-09-29,2170.0,3960.0
2018-09-30,1480.0,3830.0
2018-10-01,1090.0,2950.0
2018-10-02,862.0,2330.0
2018-10-03,697.0,1970.0
2018-10-04,592.0,1730.0
2018-10-05,524.0,1540.0
2018-10-06,479.0,1390.0
2018-10-07,430.0,1290.0
2018-10-08,385.0,1200.0
2018-10-09,370.0,1170.0
2018-10-10,492.0,1210.0
2018-10-11,2030.0,2030.0
2018-10-12,8180.0,7220.0
2018-10-13,7070.0,15200.0
2018-10-14,4740.0,12100.0
2018-10-15,3180.0,8830.0
2018-10-16,2690.0,6980.0
2018-10-17,2660.0,6310.0
2018-10-18,2380.0,6220.0
2018-10-19,2030.0,5760.0
2018-10-20,1740.0,5140.0
2018-10-21,1540.0,4540.0
2018-10-22,1330.0,4060.0
2018-10-23,1130.0,3630.0
2018-10-24,988.0,3210.0
2018-10-25,904.0,2870.0
2018-10-26,824.0,2620.0
2018-10-27,669.0,2400.0
2018-10-28,695.0,2360.0
2018-10-29,1040.0,2440.0
2018-10-30,1620.0,2740.0
2018-10-31,2100.0,3990.0
2018-11-01,2220.0,5210.0
2018-11-02,2860.0,5600.0
2018-11-03,5970.0,7110.0
2018-11-04,10600.0,15200.0
2018-11-05,9760.0,22500.0
2018-11-06,7270.0,19200.0
2018-11-07,7640.0,16600.0
2018-11-08,8960.0,18300.0
2018-11-09,7140.0,18400.0
2018-11-10,5270.0,15600.0
2018-11-11,3810.0,12800.0
2018-11-12,2700.0,10400.0
2018-11-13,2010.0,8310.0
2018-11-14,1590.0,6560.0
2018-11-15,1400.0,5360.0
2018-11-16,1290.0,4680.0
2018-11-17,1210.0,4130.0
2018-11-18,1130.0,3730.0
2018-11-19,1080.0,3490.0
2018-11-20,1020.0,3330.0
2018-11-21,977.0,3170.0
2018-11-22,934.0,3000.0
2018-11-23,895.0,2840.0
2018-11-24,853.0,2710.0
2018-11-25,808.0,2590.0
2018-11-26,775.0,2460.0
2018-11-27,746.0,2350.0
2018-11-28,717.0,2260.0
2018-11-29,691.0,2150.0
2018-11-30,662.0,2050.0
2018-12-01,638.0,1950.0
2018-12-02,621.0,1880.0
2018-12-03,601.0,1830.0
2018-12-04,577.0,1780.0
2018-12-05,554.0,1740.0
2018-12-06,534.0,1700.0
2018-12-07,516.0,1660.0
2018-12-08,503.0,1620.0
2018-12-09,485.0,1570.0
2018-12-10,470.0,1520.0
2018-12-11,457.0,1470.0
2018-12-12,443.0,1440.0
2018-12-13,426.0,1410.0
2018-12-14,415.0,1380.0
2018-12-15,406.0,1340.0
2018-12-16,392.0,1320.0
2018-12-17,380.0,1290.0
2018-12-18,372.0,1270.0
2018-12-19,369.0,1240.0
2018-12-20,366.0,1210.0
2018-12-21,434.0,1230.0
2018-12-22,1090.0,1330.0
2018-12-23,2590.0,2370.0
2018-12-24,2870.0,4860.0
2018-12-25,2600.0,6570.0
2018-12-26,2380.0,7140.0
2018-12-27,2180.0,6910.0
2018-12-28,1970.0,6400.0
2018-12-29,1800.0,5980.0
2018-12-30,1690.0,5660.0
2018-12-31,1610.0,5200.0
2019-01-01,1520.0,4980.0
2019-01-02,1450.0,4760.0
2019-01-03,1380.0,4600.0
2019-01-04,1310.0,4530.0
2019-01-05,1270.0,4410.0
2019-01-06,1230.0,4280.0
2019-01-07,1190.0,4150.0
2019-01-08,1160.0,4030.0
2019-01-09,1130.0,3900.0
2019-01-10,1090.0,3810.0
2019-01-11,1070.0,3740.0
2019-01-12,1050.0,3670.0
2019-01-13,1040.0,3600.0
2019-01-14,1030.0,3530.0
2019-01-15,1010.0,3460.0
2019-01-16,998.0,3400.0
2019-01-17,982.0,3330.0
2019-01-18,975.0,3260.0
2019-01-19,964.0,3200.0
2019-01-20,953.0,3140.0
2019-01-21,945.0,3080.0
2019-01-22,937.0,3030.0
2019-01-23,924.0,2970.0
2019-01-24,913.0,2910.0
2019-01-25,892.0,2850.0
2019-01-26,886.0,2810.0
2019-01-27,875.0,2780.0
2019-01-28,868.0,2740.0
2019-01-29,863.0,2710.0
2019-01-30,856.0,2670.0
2019-01-31,845.0,2640.0
2019-02-01,841.0,2610.0
2019-02-02,834.0,2590.0
2019-02-03,827.0,2580.0
2019-02-04,818.0,2560.0
2019-02-05,810.0,2540.0
2019-02-06,806.0,2530.0
2019-02-07,793.0,2510.0
2019-02-08,788.0,2500.0
2019-02-09,780.0,2480.0
2019-02-10,775.0,2470.0
2019-02-11,770.0,2450.0
2019-02-12,765.0,2440.0
2019-02-13,758.0,2420.0
2019-02-14,751.0,2410.0
2019-02-15,741.0,2390.0
2019-02-16,734.0,2370.0
2019-02-17,729.0,2350.0
2019-02-18,721.0,2320.0
2019-02-19,717.0,2300.0
2019-02-20,713.0,2280.0
2019-02-21,707.0,2260.0
2019-02-22,702.0,2240.0
2019-02-23,695.0,2220.0
2019-02-24,692.0,2200.0
2019-02-25,687.0,2180.0
2019-02-26,682.0,2160.0
2019-02-27,677.0,2150.0
2019-02-28,671.0,2130.0
2019-03-01,667.0,2120.0
2019-03-02,662.0,2100.0
2019-03-03,659.0,2090.0
2019-03-04,652.0,2070.0
2019-03-05,647.0,2060.0
2019-03-06,644.0,2050.0
2019-03-07,639.0,2060.0
2019-03-08,636.0,2100.0
2019-03-09,632.0,2100.0
2019-03-10,622.0,2100.0
2019-03-11,617.0,2110.0
2019-03-12,614.0,2120.0
2019-03-13,613.0,2130.0
2019-03-14,615.0,2180.0
2019-03-15,648.0,2260.0
2019-03-16,702.0,2410.0
2019-03-17,797.0,2630.0
2019-03-18,969.0,3480.0
2019-03-19,1140.0,4270.0
2019-03-20,1190.0,4980.0
2019-03-21,1150.0,5580.0
2019-03-22,1110.0,5850.0
2019-03-23,1090.0,5880.0
2019-03-24,1060.0,5710.0
2019-03-25,1040.0,5520.0
2019-03-26,1030.0,5370.0
2019-03-27,1010.0,5210.0
2019-03-28,1010.0,5090.0
2019-03-29,1030.0,4970.0
2019-03-30,1140.0,4980.0
2019-03-31,1370.0,5400.0
2019-04-01,1840.0,7180.0
2019-04-02,2610.0,10900.0
2019-04-03,3510.0,14900.0
2019-04-04,4080.0,16700.0
2019-04-05,4240.0,16900.0
2019-04-06,4080.0,16500.0
2019-04-07,3740.0,15700.0
2019-04-08,3490.0,15000.0
2019-04-09,3280.0,14200.0
2019-04-10,3080.0,13600.0
2019-04-11,3010.0,13100.0
2019-04-12,3050.0,12600.0
2019-04-13,3480.0,12900.0
2019-04-14,4710.0,16300.0
2019-04-15,7180.0,24300.0
2019-04-16,10500.0,35100.0
2019-04-17,13800.0,43600.0
2019-04-18,16500.0,47300.0
2019-04-19,18100.0,50000.0
2019-04-20,20500.0,66900.0
2019-04-21,29300.0,98500.0
2019-04-22,41800.0,124000.0
2019-04-23,44700.0,133000.0
2019-04-24,35900.0,119000.0
2019-04-25,27300.0,98200.0
2019-04-26,21700.0,81700.0
2019-04-27,23500.0,79700.0
2019-04-28,27600.0,101000.0
2019-04-29,23100.0,97800.0
2019-04-30,17000.0,80400.0
2019-05-01,12800.0,64400.0
2019-05-02,10600.0,54300.0
2019-05-03,10600.0,49200.0
2019-05-04,11200.0,48100.0
2019-05-05,12800.0,49400.0
2019-05-06,13100.0,50600.0
2019-05-07,13500.0,50300.0
2019-05-08,12800.0,49100.0
2019-05-09,10500.0,43700.0
2019-05-10,9090.0,37600.0
2019-05-11,12300.0,39200.0
2019-05-12,12200.0,43500.0
2019-05-13,9720.0,38900.0
2019-05-14,7490.0,32700.0
2019-05-15,6300.0,28200.0
2019-05-16,5520.0,25200.0
2019-05-17,4830.0,22800.0
2019-05-18,5310.0,22000.0
2019-05-19,5760.0,23400.0
2019-05-20,5360.0,22900.0
2019-05-21,6520.0,24200.0
2019-05-22,6410.0,27000.0
2019-05-23,5020.0,25000.0
2019-05-24,6050.0,21900.0
2019-05-25,8600.0,22900.0
2019-05-26,7590.0,24200.0
2019-05-27,7040.0,22200.0
2019-05-28,5360.0,20400.0
2019-05-29,3940.0,17500.0
2019-05-30,3080.0,14900.0
2019-05-31,2700.0,13700.0
2019-06-01,2490.0,13200.0
2019-06-02,2240.0,12200.0
2019-06-03,3610.0,12000.0
2019-06-04,3870.0,13600.0
2019-06-05,2930.0,13200.0
2019-06-06,2190.0,11300.0
2019-06-07,1690.0,9710.0
2019-06-08,1350.0,8560.0
2019-06-09,1110.0,7690.0
2019-06-10,936.0,7070.0
2019-06-11,850.0,6620.0
2019-06-12,1930.0,6800.0
2019-06-13,1930.0,7620.0
2019-06-14,1510.0,7990.0
2019-06-15,1600.0,7670.0
2019-06-16,1750.0,7530.0
2019-06-17,1740.0,7710.0
2019-06-18,1340.0,7320.0
2019-06-19,1020.0,6500.0
2019-06-20,888.0,5890.0
2019-06-21,3080.0,6120.0
2019-06-22,4740.0,7810.0
2019-06-23,3170.0,10100.0
2019-06-24,2070.0,8260.0
2019-06-25,1470.0,6790.0
2019-06-26,1150.0,5860.0
2019-06-27,1060.0,5250.0
2019-06-28,1300.0,5990.0
2019-06-29,2470.0,10100.0
2019-06-30,6600.0,10800.0
2019-07-01,4940.0,14400.0
2019-07-02,3450.0,13100.0
2019-07-03,2410.0,11800.0
2019-07-04,1720.0,9640.0
2019-07-05,1260.0,7960.0
2019-07-06,1070.0,6930.0
2019-07-07,2040.0,6360.0
2019-07-08,1490.0,6610.0
2019-07-09,1070.0,6380.0
2019-07-10,767.0,5470.0
2019-07-11,594.0,4720.0
2019-07-12,508.0,4180.0
2019-07-13,696.0,3900.0
2019-07-14,683.0,4150.0
2019-07-15,541.0,4040.0
2019-07-16,467.0,3720.0
2019-07-17,401.0,3400.0
2019-07-18,366.0,3260.0
2019-07-19,318.0,3010.0
2019-07-20,283.0,2690.0
2019-07-21,269.0,2490.0
2019-07-22,278.0,2310.0
2019-07-23,342.0,2190.0
2019-07-24,387.0,2080.0
2019-07-25,321.0,1970.0
2019-07-26,260.0,1930.0
2019-07-27,216.0,1840.0
2019-07-28,185.0,1820.0
2019-07-29,165.0,1850.0
2019-07-30,150.0,1700.0
2019-07-31,172.0,1970.0
2019-08-01,181.0,2100.0
2019-08-02,173.0,1940.0
2019-08-03,170.0,1760.0
2019-08-04,152.0,1660.0
2019-08-05,138.0,1560.0
2019-08-06,128.0,1470.0
2019-08-07,116.0,1370.0
2019-08-08,174.0,1460.0
2019-08-09,2090.0,2610.0
2019-08-10,2490.0,4640.0
2019-08-11,1820.0,6060.0
2019-08-12,1350.0,5010.0
2019-08-13,1050.0,4180.0
2019-08-14,807.0,3720.0
2019-08-15,596.0,3170.0
2019-08-16,460.0,2620.0
2019-08-17,404.0,2270.0
2019-08-18,514.0,2110.0
2019-08-19,1680.0,2180.0
2019-08-20,1570.0,3070.0
2019-08-21,1320.0,5250.0
2019-08-22,1320.0,4550.0
2019-08-23,1870.0,3850.0
2019-08-24,1470.0,3860.0
2019-08-25,1010.0,3740.0
2019-08-26,722.0,2980.0
2019-08-27,552.0,2500.0
2019-08-28,443.0,2210.0
2019-08-29,398.0,2380.0
2019-08-30,373.0,2480.0
2019-08-31,367.0,2340.0
2019-09-01,330.0,2110.0
2019-09-02,320.0,1970.0
2019-09-03,509.0,2020.0
2019-09-04,1460.0,2260.0
2019-09-05,2130.0,2900.0
2019-09-06,2350.0,4350.0
2019-09-07,1590.0,4900.0
2019-09-08,1110.0,4190.0
2019-09-09,826.0,3430.0
2019-09-10,639.0,2890.0
2019-09-11,542.0,2740.0
2019-09-12,561.0,3330.0
2019-09-13,621.0,3450.0
2019-09-14,533.0,3080.0
2019-09-15,480.0,2890.0
2019-09-16,522.0,2660.0
2019-09-17,499.0,2480.0
2019-09-18,432.0,2390.0
2019-09-19,370.0,2230.0
2019-09-20,329.0,2090.0
2019-09-21,282.0,1930.0
2019-09-22,243.0,1790.0
2019-09-23,227.0,1750.0
2019-09-24,429.0,1820.0
2019-09-25,2380.0,2300.0
2019-09-26,2470.0,3540.0
2019-09-27,3100.0,6630.0
2019-09-28,3510.0,8050.0
2019-09-29,2660.0,8110.0
2019-09-30,2140.0,6830.0
2019-10-01,1660.0,5840.0
2019-10-02,1320.0,5020.0
2019-10-03,1120.0,4220.0
2019-10-04,955.0,3620.0
2019-10-05,910.0,3240.0
2019-10-06,899.0,2940.0
2019-10-07,829.0,2860.0
2019-10-08,921.0,2930.0
2019-10-09,1060.0,3120.0
2019-10-10,941.0,3220.0
2019-10-11,788.0,3080.0
2019-10-12,683.0,2760.0
2019-10-13,615.0,2520.0
2019-10-14,596.0,2330.0
2019-10-15,575.0,2200.0
2019-10-16,573.0,2110.0
2019-10-17,592.0,2100.0
2019-10-18,1950.0,2250.0
2019-10-19,3420.0,2450.0
2019-10-20,2790.0,5050.0
2019-10-21,2080.0,5110.0
2019-10-22,1630.0,4260.0
2019-10-23,2730.0,4860.0
2019-10-24,10200.0,13100.0
2019-10-25,8770.0,22000.0
2019-10-26,6190.0,17800.0
2019-10-27,4320.0,14000.0
2019-10-28,5200.0,11900.0
2019-10-29,7240.0,12700.0
2019-10-30,6100.0,15000.0
2019-10-31,5090.0,13900.0
2019-11-01,25700.0,36500.0
2019-11-02,30100.0,75800.0
2019-11-03,19900.0,61600.0
2019-11-04,12300.0,43100.0
2019-11-05,7820.0,31100.0
2019-11-06,6160.0,24800.0
2019-11-07,5000.0,21400.0
2019-11-08,4040.0,18600.0
2019-11-09,3270.0,15900.0
2019-11-10,2730.0,13700.0
2019-11-11,2380.0,11500.0
2019-11-12,1870.0,9310.0
2019-11-13,1130.0,7740.0
2019-11-14,1420.0,6970.0
2019-11-15,1540.0,6680.0
2019-11-16,1490.0,6520.0
2019-11-17,1440.0,6330.0
2019-11-18,1390.0,6140.0
2019-11-19,1350.0,5990.0
2019-11-20,1330.0,5840.0
2019-11-21,1300.0,5700.0
2019-11-22,1270.0,5550.0
2019-11-23,1250.0,5390.0
2019-11-24,1220.0,5260.0
2019-11-25,1190.0,5130.0
2019-11-26,1170.0,5000.0
2019-11-27,1140.0,4880.0
2019-11-28,1110.0,4750.0
2019-11-29,1090.0,4620.0
2019-11-30,1060.0,4520.0
2019-12-01,1040.0,4440.0
2019-12-02,1020.0,4350.0
2019-12-03,1000.0,4270.0
2019-12-04,981.0,4190.0
2019-12-05,961.0,4130.0
2019-12-06,940.0,4070.0
2019-12-07,920.0,4020.0
2019-12-08,900.0,3960.0
2019-12-09,889.0,3920.0
2019-12-10,929.0,4040.0
2019-12-11,1280.0,4240.0
2019-12-12,1710.0,4630.0
2019-12-13,1720.0,5270.0
2019-12-14,1670.0,5970.0
2019-12-15,1940.0,6760.0
2019-12-16,2550.0,7450.0
2019-12-17,2600.0,7770.0
2019-12-18,2280.0,7740.0
2019-12-19,1910.0,7420.0
2019-12-20,1660.0,7140.0
2019-12-21,1500.0,6820.0
2019-12-22,1410.0,6510.0
2019-12-23,1340.0,6230.0
2019-12-24,1270.0,6020.0
2019-12-25,1220.0,5840.0
2019-12-26,1170.0,5650.0
2019-12-27,1130.0,5470.0
2019-12-28,1080.0,5290.0
2019-12-29,1040.0,5130.0
2019-12-30,1000.0,4980.0
2019-12-31,966.0,4830.0
2020-01-01,937.0,4690.0
2020-01-02,910.0,4570.0
2020-01-03,882.0,4460.0
2020-01-04,854.0,4350.0
2020-01-05,827.0,4230.0
2020-01-06,799.0,4120.0
2020-01-07,772.0,4010.0
2020-01-08,745.0,3920.0
2020-01-09,722.0,3830.0
2020-01-10,705.0,3750.0
2020-01-11,712.0,3690.0
2020-01-12,875.0,3730.0
2020-01-13,1180.0,4100.0
2020-01-14,1350.0,4670.0
2020-01-15,1350.0,5140.0
2020-01-16,1260.0,5250.0
2020-01-17,1180.0,5160.0
2020-01-18,1100.0,4990.0
2020-01-19,1030.0,4830.0
2020-01-20,976.0,4650.0
2020-01-21,926.0,4470.0
2020-01-22,880.0,4290.0
2020-01-23,839.0,4120.0
2020-01-24,806.0,3990.0
2020-01-25,775.0,3870.0
2020-01-26,752.0,3750.0
2020-01-27,743.0,3640.0
2020-01-28,736.0,3580.0
2020-01-29,729.0,3540.0
2020-01-30,721.0,3500.0
2020-01-31,714.0,3460.0
2020-02-01,707.0,3420.0
2020-02-02,700.0,3380.0
2020-02-03,693.0,3340.0
2020-02-04,685.0,3300.0
2020-02-05,678.0,3260.0
2020-02-06,671.0,3220.0
2020-02-07,664.0,3180.0
2020-02-08,657.0,3140.0
2020-02-09,649.0,3110.0
2020-02-10,642.0,3070.0
2020-02-11,635.0,3030.0
2020-02-12,628.0,2990.0
2020-02-13,620.0,2960.0
2020-02-14,613.0,2920.0
2020-02-15,606.0,2880.0
2020-02-16,599.0,2850.0
2020-02-17,592.0,2810.0
2020-02-18,584.0,2780.0
2020-02-19,577.0,2740.0
2020-02-20,570.0,2700.0
2020-02-21,563.0,2670.0
2020-02-22,556.0,2640.0
2020-02-23,549.0,2620.0
2020-02-24,544.0,2600.0
2020-02-25,557.0,2590.0
2020-02-26,576.0,2570.0
2020-02-27,596.0,2560.0
2020-02-28,616.0,2550.0
2020-02-29,635.0,2550.0
2020-03-01,655.0,2570.0
2020-03-02,675.0,2590.0
2020-03-03,694.0,2650.0
2020-03-04,720.0,2790.0
2020-03-05,798.0,2970.0
2020-03-06,951.0,3180.0
2020-03-07,1110.0,3580.0
2020-03-08,1150.0,4180.0
2020-03-09,1140.0,4650.0
2020-03-10,1170.0,4840.0
2020-03-11,1230.0,4870.0
2020-03-12,1450.0,5020.0
2020-03-13,1910.0,5480.0
2020-03-14,2380.0,6400.0
2020-03-15,2530.0,7160.0
2020-03-16,2470.0,7490.0
2020-03-17,2330.0,7510.0
2020-03-18,2190.0,7300.0
2020-03-19,2060.0,6940.0
2020-03-20,1940.0,6650.0
2020-03-21,1950.0,6650.0
2020-03-22,2290.0,7070.0
2020-03-23,3190.0,8460.0
2020-03-24,3760.0,9970.0
2020-03-25,3840.0,11000.0
2020-03-26,3610.0,11100.0
2020-03-27,3340.0,10500.0
2020-03-28,3250.0,9790.0
2020-03-29,3230.0,9050.0
2020-03-30,3220.0,8300.0
2020-03-31,3200.0,7670.0
2020-04-01,3190.0,7220.0
2020-04-02,3240.0,7320.0
2020-04-03,3560.0,8210.0
2020-04-04,4670.0,10600.0
2020-04-05,7490.0,14700.0
2020-04-06,11500.0,20600.0
2020-04-07,14200.0,28300.0
2020-04-08,13800.0,34800.0
2020-04-09,12100.0,34700.0
2020-04-10,9490.0,31100.0
2020-04-11,7400.0,26900.0
2020-04-12,6080.0,24000.0
2020-04-13,5920.0,22800.0
2020-04-14,11500.0,32700.0
2020-04-15,18300.0,52800.0
2020-04-16,17400.0,58500.0
2020-04-17,13700.0,51900.0
2020-04-18,9690.0,43500.0
2020-04-19,7930.0,37000.0
2020-04-20,8270.0,34700.0
2020-04-21,8710.0,34500.0
2020-04-22,8390.0,34200.0
2020-04-23,6900.0,31600.0
2020-04-24,5840.0,28100.0
2020-04-25,5710.0,26200.0
2020-04-26,6630.0,26300.0
2020-04-27,8270.0,29000.0
2020-04-28,9600.0,33000.0
2020-04-29,11100.0,38100.0
2020-04-30,13000.0,44600.0
2020-05-01,13900.0,49600.0
2020-05-02,18500.0,63200.0
2020-05-03,19200.0,74300.0
2020-05-04,19700.0,72000.0
2020-05-05,19000.0,72100.0
2020-05-06,15500.0,64700.0
2020-05-07,12300.0,55600.0
2020-05-08,10100.0,48900.0
2020-05-09,8600.0,43400.0
2020-05-10,7050.0,38000.0
2020-05-11,5630.0,32800.0
2020-05-12,5090.0,29300.0
2020-05-13,5350.0,27200.0
2020-05-14,4940.0,25400.0
2020-05-15,4600.0,23800.0
2020-05-16,5260.0,23600.0
2020-05-17,6770.0,26400.0
2020-05-18,6320.0,28700.0
2020-05-19,5210.0,27000.0
2020-05-20,4280.0,24100.0
2020-05-21,3630.0,21600.0
2020-05-22,3240.0,19900.0
2020-05-23,2790.0,18600.0
2020-05-24,2270.0,16400.0
2020-05-25,1830.0,14100.0
2020-05-26,1520.0,12300.0
2020-05-27,1350.0,11300.0
2020-05-28,1630.0,11000.0
2020-05-29,1500.0,9980.0
2020-05-30,1260.0,9540.0
2020-05-31,1300.0,9020.0
2020-06-01,1380.0,8690.0
2020-06-02,1180.0,8300.0
2020-06-03,958.0,7600.0
2020-06-04,794.0,6820.0
2020-06-05,672.0,6180.0
2020-06-06,606.0,5690.0
2020-06-07,668.0,5450.0
2020-06-08,650.0,5330.0
2020-06-09,531.0,5070.0
2020-06-10,448.0,4650.0
2020-06-11,449.0,4500.0
2020-06-12,631.0,4420.0
2020-06-13,554.0,4150.0
2020-06-14,426.0,3920.0
2020-06-15,353.0,3620.0
2020-06-16,302.0,3240.0
2020-06-17,261.0,2940.0
2020-06-18,228.0,2710.0
2020-06-19,201.0,2510.0
2020-06-20,178.0,2310.0
2020-06-21,179.0,2180.0
2020-06-22,365.0,2210.0
2020-06-23,615.0,2220.0
2020-06-24,572.0,2320.0
2020-06-25,775.0,2800.0
2020-06-26,721.0,2960.0
2020-06-27,470.0,2980.0
2020-06-28,384.0,2820.0
2020-06-29,564.0,2780.0
2020-06-30,811.0,2950.0
2020-07-01,840.0,2990.0
2020-07-02,635.0,2990.0
2020-07-03,468.0,2760.0
2020-07-04,405.0,2450.0
2020-07-05,336.0,2160.0
2020-07-06,269.0,1950.0
2020-07-07,223.0,1810.0
2020-07-08,222.0,1770.0
2020-07-09,650.0,1840.0
2020-07-10,898.0,1890.0
2020-07-11,595.0,2020.0
2020-07-12,572.0,2320.0
2020-07-13,738.0,2160.0
2020-07-14,643.0,2090.0
2020-07-15,461.0,2110.0
2020-07-16,344.0,1960.0
2020-07-17,290.0,1740.0
2020-07-18,397.0,1670.0
2020-07-19,551.0,1630.0
2020-07-20,469.0,1700.0
2020-07-21,523.0,1900.0
2020-07-22,628.0,1790.0
2020-07-23,501.0,1660.0
2020-07-24,956.0,1690.0
2020-07-25,961.0,1570.0
2020-07-26,648.0,1770.0
2020-07-27,911.0,1930.0
2020-07-28,1760.0,1680.0
2020-07-29,1750.0,1910.0
2020-07-30,1270.0,2640.0
2020-07-31,841.0,2560.0
2020-08-01,694.0,2120.0
2020-08-02,636.0,1770.0
2020-08-03,524.0,1600.0
2020-08-04,693.0,1550.0
2020-08-05,665.0,1520.0
2020-08-06,1040.0,1520.0
2020-08-07,741.0,1580.0
2020-08-08,548.0,1750.0
2020-08-09,406.0,1590.0
2020-08-10,316.0,1370.0
2020-08-11,267.0,1220.0
2020-08-12,246.0,1130.0
2020-08-13,296.0,1070.0
2020-08-14,250.0,1010.0
2020-08-15,194.0,938.0
2020-08-16,162.0,928.0
2020-08-17,145.0,896.0
2020-08-18,139.0,906.0
2020-08-19,132.0,1240.0
2020-08-20,149.0,1470.0
2020-08-21,149.0,1190.0
2020-08-22,147.0,1020.0
2020-08-23,146.0,932.0
2020-08-24,134.0,875.0
2020-08-25,141.0,863.0
2020-08-26,293.0,923.0
2020-08-27,392.0,924.0
2020-08-28,266.0,884.0
2020-08-29,225.0,932.0
2020-08-30,1250.0,1260.0
2020-08-31,2830.0,1680.0
2020-09-01,1950.0,3320.0
2020-09-02,1230.0,3570.0
2020-09-03,823.0,2690.0
2020-09-04,638.0,2110.0
2020-09-05,482.0,1730.0
2020-09-06,371.0,1490.0
2020-09-07,299.0,1340.0
2020-09-08,239.0,1210.0
2020-09-09,208.0,1100.0
2020-09-10,189.0,1250.0
2020-09-11,181.0,1380.0
2020-09-12,172.0,1550.0
2020-09-13,170.0,1390.0
2020-09-14,160.0,1270.0
2020-09-15,167.0,1140.0
2020-09-16,183.0,1070.0
2020-09-17,153.0,1000.0
2020-09-18,135.0,928.0
2020-09-19,122.0,891.0
2020-09-20,112.0,834.0
2020-09-21,107.0,789.0
2020-09-22,101.0,749.0
2020-09-23,96.4,725.0
2020-09-24,92.9,702.0
2020-09-25,88.8,678.0
2020-09-26,85.3,656.0
2020-09-27,83.5,649.0
2020-09-28,82.3,637.0
2020-09-29,80.9,639.0
2020-09-30,107.0,693.0
2020-10-01,136.0,778.0
2020-10-02,316.0,996.0
2020-10-03,302.0,1240.0
2020-10-04,408.0,1430.0
2020-10-05,414.0,1570.0
2020-10-06,356.0,1500.0
2020-10-07,307.0,1460.0
2020-10-08,285.0,1490.0
2020-10-09,601.0,1630.0
2020-10-10,543.0,2080.0
2020-10-11,807.0,2970.0
2020-10-12,1410.0,4960.0
2020-10-13,1180.0,5150.0
2020-10-14,2350.0,6190.0
2020-10-15,4730.0,10900.0
2020-10-16,3740.0,12300.0
2020-10-17,7760.0,13500.0
2020-10-18,14400.0,32600.0
2020-10-19,12400.0,36800.0
2020-10-20,10300.0,30800.0
2020-10-21,10300.0,28800.0
2020-10-22,9560.0,28700.0
2020-10-23,7770.0,26300.0
2020-10-24,6140.0,22500.0
2020-10-25,4750.0,19200.0
2020-10-26,3710.0,16500.0
2020-10-27,3300.0,14700.0
2020-10-28,3310.0,13600.0
2020-10-29,2880.0,12900.0
2020-10-30,2520.0,11600.0
2020-10-31,2150.0,10500.0
2020-11-01,1750.0,9470.0
2020-11-02,1640.0,9050.0
2020-11-03,1660.0,9210.0
2020-11-04,1470.0,8890.0
2020-11-05,1300.0,8220.0
2020-11-06,1310.0,7660.0
2020-11-07,1340.0,7420.0
2020-11-08,1370.0,7460.0
2020-11-09,1290.0,7400.0
2020-11-10,1160.0,7080.0
2020-11-11,1050.0,6710.0
2020-11-12,968.0,6310.0
2020-11-13,901.0,5960.0
2020-11-14,838.0,5710.0
2020-11-15,806.0,5440.0
2020-11-16,887.0,5600.0
2020-11-17,1670.0,5850.0
2020-11-18,2240.0,6630.0
2020-11-19,1800.0,7580.0
2020-11-20,1460.0,6930.0
2020-11-21,1330.0,6240.0
2020-11-22,1290.0,5840.0
2020-11-23,1470.0,6320.0
2020-11-24,2340.0,8620.0
2020-11-25,3450.0,12100.0
2020-11-26,3330.0,13200.0
2020-11-27,2980.0,11800.0
2020-11-28,2920.0,11100.0
2020-11-29,2830.0,11000.0
2020-11-30,2700.0,10800.0
2020-12-01,8130.0,15200.0
2020-12-02,14400.0,36300.0
2020-12-03,12300.0,46500.0
2020-12-04,8520.0,38500.0
2020-12-05,6030.0,30000.0
2020-12-06,4670.0,25200.0
2020-12-07,3650.0,21600.0
2020-12-08,3250.0,18700.0
2020-12-09,2750.0,16900.0
2020-12-10,2380.0,15000.0
2020-12-11,2140.0,13500.0
2020-12-12,1960.0,12500.0
2020-12-13,1810.0,11800.0
2020-12-14,1690.0,11000.0
2020-12-15,1340.0,10100.0
2020-12-16,604.0,7140.0
2020-12-17,594.0,5900.0
2020-12-18,1150.0,5670.0
2020-12-19,1280.0,5580.0
2020-12-20,1230.0,5540.0
2020-12-21,1190.0,5510.0
2020-12-22,1150.0,5490.0
2020-12-23,1120.0,5480.0
2020-12-24,1130.0,5550.0
2020-12-25,1640.0,6530.0
2020-12-26,4190.0,17500.0
2020-12-27,5820.0,36400.0
2020-12-28,4720.0,31400.0
2020-12-29,3800.0,26400.0
2020-12-30,3070.0,20100.0
2020-12-31,2470.0,16300.0
